Символ,1924,1925,1926,1927,1928,1929,1930,1931,1932,1933,1934,1935,1936,1937,1938,1939,1940,1941,1942,1943,1944,1945,1946,1947,1948,1949,1950,1951,1952,1953,1954,1955,1956,1957,1958,1959,1960,1961,1962,1963,1964,1965,1966,1967,1968,1969,1970,1971,1972,1973,1974,1975,1976,1977,1978,1979,1980,1981,1982,1983,1984,1985,1986,1987,1988,1989,1990,1991,1992,1993,1994,1995,1996,1997,1998,1999,2000,2001,2002,2003,2004,2005,2006,2007,2008,2009,2010,2011,2012,2013,2014,2015,2016,2017,2018,2019,2020,2021,2022,2023,2024,2025,2026,2027,2028,2029,2030,2031,2032,2033,2034,2035,2036,2037,2038,2039,2040,2041,2042,2043,2044,2045,2046,2047,2048,2049,2050,2051,2052,2053,2054,2055,2056,2057,2058,2059,2060,2061,2062,2063,2064,2065,2066,2067,2068,2069,2070,2071,2072,2073,2074,2075,2076,2077,2078,2079,2080,2081,2082,2083,2084,2085,2086,2087,2088,2089,2090,2091,2092,2093,2094,2095,2096,2097,2098,2099,2100
立春,1924-02-05,1925-02-04,1926-02-04,1927-02-05,1928-02-05,1929-02-04,1930-02-04,1931-02-05,1932-02-05,1933-02-04,1934-02-04,1935-02-05,1936-02-05,1937-02-04,1938-02-04,1939-02-05,1940-02-05,1941-02-04,1942-02-04,1943-02-05,1944-02-05,1945-02-04,1946-02-04,1947-02-04,1948-02-05,1949-02-04,1950-02-04,1951-02-04,1952-02-05,1953-02-04,1954-02-04,1955-02-04,1956-02-05,1957-02-04,1958-02-04,1959-02-04,1960-02-05,1961-02-04,1962-02-04,1963-02-04,1964-02-05,1965-02-04,1966-02-04,1967-02-04,1968-02-05,1969-02-04,1970-02-04,1971-02-04,1972-02-05,1973-02-04,1974-02-04,1975-02-04,1976-02-05,1977-02-04,1978-02-04,1979-02-04,1980-02-05,1981-02-04,1982-02-04,1983-02-04,1984-02-04,1985-02-04,1986-02-04,1987-02-04,1988-02-04,1989-02-04,1990-02-04,1991-02-04,1992-02-04,1993-02-04,1994-02-04,1995-02-04,1996-02-04,1997-02-04,1998-02-04,1999-02-04,2000-02-04,2001-02-04,2002-02-04,2003-02-04,2004-02-04,2005-02-04,2006-02-04,2007-02-04,2008-02-04,2009-02-04,2010-02-04,2011-02-04,2012-02-04,2013-02-04,2014-02-04,2015-02-04,2016-02-04,2017-02-03,2018-02-04,2019-02-04,2020-02-04,2021-02-03,2022-02-04,2023-02-04,2024-02-04,2025-02-03,2026-02-04,2027-02-04,2028-02-04,2029-02-03,2030-02-04,2031-02-04,2032-02-04,2033-02-03,2034-02-04,2035-02-04,2036-02-04,2037-02-03,2038-02-04,2039-02-04,2040-02-04,2041-02-03,2042-02-04,2043-02-04,2044-02-04,2045-02-03,2046-02-04,2047-02-04,2048-02-04,2049-02-03,2050-02-03,2051-02-04,2052-02-04,2053-02-03,2054-02-03,2055-02-04,2056-02-04,2057-02-03,2058-02-03,2059-02-04,2060-02-04,2061-02-03,2062-02-03,2063-02-04,2064-02-04,2065-02-03,2066-02-03,2067-02-04,2068-02-04,2069-02-03,2070-02-03,2071-02-04,2072-02-04,2073-02-03,2074-02-03,2075-02-04,2076-02-04,2077-02-03,2078-02-03,2079-02-04,2080-02-04,2081-02-03,2082-02-03,2083-02-03,2084-02-04,2085-02-03,2086-02-03,2087-02-03,2088-02-04,2089-02-03,2090-02-03,2091-02-03,2092-02-04,2093-02-03,2094-02-03,2095-02-03,2096-02-04,2097-02-03,2098-02-03,2099-02-03,2100-02-04
雨水,1924-02-20,1925-02-19,1926-02-19,1927-02-19,1928-02-20,1929-02-19,1930-02-19,1931-02-19,1932-02-20,1933-02-19,1934-02-19,1935-02-19,1936-02-20,1937-02-19,1938-02-19,1939-02-19,1940-02-20,1941-02-19,1942-02-19,1943-02-19,1944-02-20,1945-02-19,1946-02-19,1947-02-19,1948-02-20,1949-02-19,1950-02-19,1951-02-19,1952-02-20,1953-02-19,1954-02-19,1955-02-19,1956-02-20,1957-02-19,1958-02-19,1959-02-19,1960-02-19,1961-02-19,1962-02-19,1963-02-19,1964-02-19,1965-02-19,1966-02-19,1967-02-19,1968-02-19,1969-02-19,1970-02-19,1971-02-19,1972-02-19,1973-02-19,1974-02-19,1975-02-19,1976-02-19,1977-02-19,1978-02-19,1979-02-19,1980-02-19,1981-02-19,1982-02-19,1983-02-19,1984-02-19,1985-02-19,1986-02-19,1987-02-19,1988-02-19,1989-02-19,1990-02-19,1991-02-19,1992-02-19,1993-02-18,1994-02-19,1995-02-19,1996-02-19,1997-02-18,1998-02-19,1999-02-19,2000-02-19,2001-02-18,2002-02-19,2003-02-19,2004-02-19,2005-02-18,2006-02-19,2007-02-19,2008-02-19,2009-02-18,2010-02-19,2011-02-19,2012-02-19,2013-02-18,2014-02-19,2015-02-19,2016-02-19,2017-02-18,2018-02-19,2019-02-19,2020-02-19,2021-02-18,2022-02-19,2023-02-19,2024-02-19,2025-02-18,2026-02-18,2027-02-19,2028-02-19,2029-02-18,2030-02-18,2031-02-19,2032-02-19,2033-02-18,2034-02-18,2035-02-19,2036-02-19,2037-02-18,2038-02-18,2039-02-19,2040-02-19,2041-02-18,2042-02-18,2043-02-19,2044-02-19,2045-02-18,2046-02-18,2047-02-19,2048-02-19,2049-02-18,2050-02-18,2051-02-19,2052-02-19,2053-02-18,2054-02-18,2055-02-19,2056-02-19,2057-02-18,2058-02-18,2059-02-19,2060-02-19,2061-02-18,2062-02-18,2063-02-18,2064-02-19,2065-02-18,2066-02-18,2067-02-18,2068-02-19,2069-02-18,2070-02-18,2071-02-18,2072-02-19,2073-02-18,2074-02-18,2075-02-18,2076-02-19,2077-02-18,2078-02-18,2079-02-18,2080-02-19,2081-02-18,2082-02-18,2083-02-18,2084-02-19,2085-02-18,2086-02-18,2087-02-18,2088-02-19,2089-02-18,2090-02-18,2091-02-18,2092-02-19,2093-02-18,2094-02-18,2095-02-18,2096-02-18,2097-02-18,2098-02-18,2099-02-18,2100-02-18
惊蛰,1924-03-06,1925-03-06,1926-03-06,1927-03-06,1928-03-06,1929-03-06,1930-03-06,1931-03-06,1932-03-06,1933-03-06,1934-03-06,1935-03-06,1936-03-06,1937-03-06,1938-03-06,1939-03-06,1940-03-06,1941-03-06,1942-03-06,1943-03-06,1944-03-06,1945-03-06,1946-03-06,1947-03-06,1948-03-05,1949-03-06,1950-03-06,1951-03-06,1952-03-05,1953-03-06,1954-03-06,1955-03-06,1956-03-05,1957-03-06,1958-03-06,1959-03-06,1960-03-05,1961-03-06,1962-03-06,1963-03-06,1964-03-05,1965-03-06,1966-03-06,1967-03-06,1968-03-05,1969-03-06,1970-03-06,1971-03-06,1972-03-05,1973-03-06,1974-03-06,1975-03-06,1976-03-05,1977-03-06,1978-03-06,1979-03-06,1980-03-05,1981-03-06,1982-03-06,1983-03-06,1984-03-05,1985-03-05,1986-03-06,1987-03-06,1988-03-05,1989-03-05,1990-03-06,1991-03-06,1992-03-05,1993-03-05,1994-03-06,1995-03-06,1996-03-05,1997-03-05,1998-03-06,1999-03-06,2000-03-05,2001-03-05,2002-03-06,2003-03-06,2004-03-05,2005-03-05,2006-03-06,2007-03-06,2008-03-05,2009-03-05,2010-03-06,2011-03-06,2012-03-05,2013-03-05,2014-03-06,2015-03-06,2016-03-05,2017-03-05,2018-03-05,2019-03-06,2020-03-05,2021-03-05,2022-03-05,2023-03-06,2024-03-05,2025-03-05,2026-03-05,2027-03-06,2028-03-05,2029-03-05,2030-03-05,2031-03-06,2032-03-05,2033-03-05,2034-03-05,2035-03-06,2036-03-05,2037-03-05,2038-03-05,2039-03-06,2040-03-05,2041-03-05,2042-03-05,2043-03-06,2044-03-05,2045-03-05,2046-03-05,2047-03-06,2048-03-05,2049-03-05,2050-03-05,2051-03-05,2052-03-05,2053-03-05,2054-03-05,2055-03-05,2056-03-05,2057-03-05,2058-03-05,2059-03-05,2060-03-05,2061-03-05,2062-03-05,2063-03-05,2064-03-05,2065-03-05,2066-03-05,2067-03-05,2068-03-05,2069-03-05,2070-03-05,2071-03-05,2072-03-05,2073-03-05,2074-03-05,2075-03-05,2076-03-05,2077-03-05,2078-03-05,2079-03-05,2080-03-05,2081-03-05,2082-03-05,2083-03-05,2084-03-04,2085-03-05,2086-03-05,2087-03-05,2088-03-04,2089-03-05,2090-03-05,2091-03-05,2092-03-04,2093-03-05,2094-03-05,2095-03-05,2096-03-04,2097-03-05,2098-03-05,2099-03-05,2100-03-05
春分,1924-03-21,1925-03-21,1926-03-21,1927-03-21,1928-03-21,1929-03-21,1930-03-21,1931-03-21,1932-03-21,1933-03-21,1934-03-21,1935-03-21,1936-03-21,1937-03-21,1938-03-21,1939-03-21,1940-03-21,1941-03-21,1942-03-21,1943-03-21,1944-03-21,1945-03-21,1946-03-21,1947-03-21,1948-03-21,1949-03-21,1950-03-21,1951-03-21,1952-03-21,1953-03-21,1954-03-21,1955-03-21,1956-03-20,1957-03-21,1958-03-21,1959-03-21,1960-03-20,1961-03-21,1962-03-21,1963-03-21,1964-03-20,1965-03-21,1966-03-21,1967-03-21,1968-03-20,1969-03-21,1970-03-21,1971-03-21,1972-03-20,1973-03-21,1974-03-21,1975-03-21,1976-03-20,1977-03-21,1978-03-21,1979-03-21,1980-03-20,1981-03-21,1982-03-21,1983-03-21,1984-03-20,1985-03-21,1986-03-21,1987-03-21,1988-03-20,1989-03-20,1990-03-21,1991-03-21,1992-03-20,1993-03-20,1994-03-21,1995-03-21,1996-03-20,1997-03-20,1998-03-21,1999-03-21,2000-03-20,2001-03-20,2002-03-21,2003-03-21,2004-03-20,2005-03-20,2006-03-21,2007-03-21,2008-03-20,2009-03-20,2010-03-21,2011-03-21,2012-03-20,2013-03-20,2014-03-21,2015-03-21,2016-03-20,2017-03-20,2018-03-21,2019-03-21,2020-03-20,2021-03-20,2022-03-20,2023-03-21,2024-03-20,2025-03-20,2026-03-20,2027-03-21,2028-03-20,2029-03-20,2030-03-20,2031-03-21,2032-03-20,2033-03-20,2034-03-20,2035-03-21,2036-03-20,2037-03-20,2038-03-20,2039-03-21,2040-03-20,2041-03-20,2042-03-20,2043-03-21,2044-03-20,2045-03-20,2046-03-20,2047-03-21,2048-03-20,2049-03-20,2050-03-20,2051-03-20,2052-03-20,2053-03-20,2054-03-20,2055-03-20,2056-03-20,2057-03-20,2058-03-20,2059-03-20,2060-03-20,2061-03-20,2062-03-20,2063-03-20,2064-03-20,2065-03-20,2066-03-20,2067-03-20,2068-03-20,2069-03-20,2070-03-20,2071-03-20,2072-03-20,2073-03-20,2074-03-20,2075-03-20,2076-03-20,2077-03-20,2078-03-20,2079-03-20,2080-03-20,2081-03-20,2082-03-20,2083-03-20,2084-03-19,2085-03-20,2086-03-20,2087-03-20,2088-03-19,2089-03-20,2090-03-20,2091-03-20,2092-03-19,2093-03-20,2094-03-20,2095-03-20,2096-03-19,2097-03-20,2098-03-20,2099-03-20,2100-03-20
清明,1924-04-05,1925-04-05,1926-04-05,1927-04-06,1928-04-05,1929-04-05,1930-04-05,1931-04-06,1932-04-05,1933-04-05,1934-04-05,1935-04-06,1936-04-05,1937-04-05,1938-04-05,1939-04-06,1940-04-05,1941-04-05,1942-04-05,1943-04-06,1944-04-05,1945-04-05,1946-04-05,1947-04-05,1948-04-05,1949-04-05,1950-04-05,1951-04-05,1952-04-05,1953-04-05,1954-04-05,1955-04-05,1956-04-05,1957-04-05,1958-04-05,1959-04-05,1960-04-05,1961-04-05,1962-04-05,1963-04-05,1964-04-05,1965-04-05,1966-04-05,1967-04-05,1968-04-05,1969-04-05,1970-04-05,1971-04-05,1972-04-05,1973-04-05,1974-04-05,1975-04-05,1976-04-04,1977-04-05,1978-04-05,1979-04-05,1980-04-04,1981-04-05,1982-04-05,1983-04-05,1984-04-04,1985-04-05,1986-04-05,1987-04-05,1988-04-04,1989-04-05,1990-04-05,1991-04-05,1992-04-04,1993-04-05,1994-04-05,1995-04-05,1996-04-04,1997-04-05,1998-04-05,1999-04-05,2000-04-04,2001-04-05,2002-04-05,2003-04-05,2004-04-04,2005-04-05,2006-04-05,2007-04-05,2008-04-04,2009-04-04,2010-04-05,2011-04-05,2012-04-04,2013-04-04,2014-04-05,2015-04-05,2016-04-04,2017-04-04,2018-04-05,2019-04-05,2020-04-04,2021-04-04,2022-04-05,2023-04-05,2024-04-04,2025-04-04,2026-04-05,2027-04-05,2028-04-04,2029-04-04,2030-04-05,2031-04-05,2032-04-04,2033-04-04,2034-04-05,2035-04-05,2036-04-04,2037-04-04,2038-04-05,2039-04-05,2040-04-04,2041-04-04,2042-04-04,2043-04-05,2044-04-04,2045-04-04,2046-04-04,2047-04-05,2048-04-04,2049-04-04,2050-04-04,2051-04-05,2052-04-04,2053-04-04,2054-04-04,2055-04-05,2056-04-04,2057-04-04,2058-04-04,2059-04-05,2060-04-04,2061-04-04,2062-04-04,2063-04-05,2064-04-04,2065-04-04,2066-04-04,2067-04-05,2068-04-04,2069-04-04,2070-04-04,2071-04-05,2072-04-04,2073-04-04,2074-04-04,2075-04-04,2076-04-04,2077-04-04,2078-04-04,2079-04-04,2080-04-04,2081-04-04,2082-04-04,2083-04-04,2084-04-04,2085-04-04,2086-04-04,2087-04-04,2088-04-04,2089-04-04,2090-04-04,2091-04-04,2092-04-04,2093-04-04,2094-04-04,2095-04-04,2096-04-04,2097-04-04,2098-04-04,2099-04-04,2100-04-05
穀雨,1924-04-20,1925-04-20,1926-04-21,1927-04-21,1928-04-20,1929-04-20,1930-04-21,1931-04-21,1932-04-20,1933-04-20,1934-04-21,1935-04-21,1936-04-20,1937-04-20,1938-04-21,1939-04-21,1940-04-20,1941-04-20,1942-04-21,1943-04-21,1944-04-20,1945-04-20,1946-04-21,1947-04-21,1948-04-20,1949-04-20,1950-04-20,1951-04-21,1952-04-20,1953-04-20,1954-04-20,1955-04-21,1956-04-20,1957-04-20,1958-04-20,1959-04-21,1960-04-20,1961-04-20,1962-04-20,1963-04-21,1964-04-20,1965-04-20,1966-04-20,1967-04-21,1968-04-20,1969-04-20,1970-04-20,1971-04-21,1972-04-20,1973-04-20,1974-04-20,1975-04-21,1976-04-20,1977-04-20,1978-04-20,1979-04-21,1980-04-20,1981-04-20,1982-04-20,1983-04-20,1984-04-20,1985-04-20,1986-04-20,1987-04-20,1988-04-20,1989-04-20,1990-04-20,1991-04-20,1992-04-20,1993-04-20,1994-04-20,1995-04-20,1996-04-20,1997-04-20,1998-04-20,1999-04-20,2000-04-20,2001-04-20,2002-04-20,2003-04-20,2004-04-20,2005-04-20,2006-04-20,2007-04-20,2008-04-20,2009-04-20,2010-04-20,2011-04-20,2012-04-20,2013-04-20,2014-04-20,2015-04-20,2016-04-19,2017-04-20,2018-04-20,2019-04-20,2020-04-19,2021-04-20,2022-04-20,2023-04-20,2024-04-19,2025-04-20,2026-04-20,2027-04-20,2028-04-19,2029-04-20,2030-04-20,2031-04-20,2032-04-19,2033-04-20,2034-04-20,2035-04-20,2036-04-19,2037-04-20,2038-04-20,2039-04-20,2040-04-19,2041-04-20,2042-04-20,2043-04-20,2044-04-19,2045-04-19,2046-04-20,2047-04-20,2048-04-19,2049-04-19,2050-04-20,2051-04-20,2052-04-19,2053-04-19,2054-04-20,2055-04-20,2056-04-19,2057-04-19,2058-04-20,2059-04-20,2060-04-19,2061-04-19,2062-04-20,2063-04-20,2064-04-19,2065-04-19,2066-04-20,2067-04-20,2068-04-19,2069-04-19,2070-04-20,2071-04-20,2072-04-19,2073-04-19,2074-04-20,2075-04-20,2076-04-19,2077-04-19,2078-04-19,2079-04-20,2080-04-19,2081-04-19,2082-04-19,2083-04-20,2084-04-19,2085-04-19,2086-04-19,2087-04-20,2088-04-19,2089-04-19,2090-04-19,2091-04-20,2092-04-19,2093-04-19,2094-04-19,2095-04-20,2096-04-19,2097-04-19,2098-04-19,2099-04-20,2100-04-20
立夏,1924-05-06,1925-05-06,1926-05-06,1927-05-06,1928-05-06,1929-05-06,1930-05-06,1931-05-06,1932-05-06,1933-05-06,1934-05-06,1935-05-06,1936-05-06,1937-05-06,1938-05-06,1939-05-06,1940-05-06,1941-05-06,1942-05-06,1943-05-06,1944-05-06,1945-05-06,1946-05-06,1947-05-06,1948-05-05,1949-05-06,1950-05-06,1951-05-06,1952-05-05,1953-05-06,1954-05-06,1955-05-06,1956-05-05,1957-05-06,1958-05-06,1959-05-06,1960-05-05,1961-05-06,1962-05-06,1963-05-06,1964-05-05,1965-05-06,1966-05-06,1967-05-06,1968-05-05,1969-05-06,1970-05-06,1971-05-06,1972-05-05,1973-05-05,1974-05-06,1975-05-06,1976-05-05,1977-05-05,1978-05-06,1979-05-06,1980-05-05,1981-05-05,1982-05-06,1983-05-06,1984-05-05,1985-05-05,1986-05-06,1987-05-06,1988-05-05,1989-05-05,1990-05-06,1991-05-06,1992-05-05,1993-05-05,1994-05-06,1995-05-06,1996-05-05,1997-05-05,1998-05-06,1999-05-06,2000-05-05,2001-05-05,2002-05-06,2003-05-06,2004-05-05,2005-05-05,2006-05-05,2007-05-06,2008-05-05,2009-05-05,2010-05-05,2011-05-06,2012-05-05,2013-05-05,2014-05-05,2015-05-06,2016-05-05,2017-05-05,2018-05-05,2019-05-06,2020-05-05,2021-05-05,2022-05-05,2023-05-06,2024-05-05,2025-05-05,2026-05-05,2027-05-06,2028-05-05,2029-05-05,2030-05-05,2031-05-06,2032-05-05,2033-05-05,2034-05-05,2035-05-05,2036-05-05,2037-05-05,2038-05-05,2039-05-05,2040-05-05,2041-05-05,2042-05-05,2043-05-05,2044-05-05,2045-05-05,2046-05-05,2047-05-05,2048-05-05,2049-05-05,2050-05-05,2051-05-05,2052-05-05,2053-05-05,2054-05-05,2055-05-05,2056-05-05,2057-05-05,2058-05-05,2059-05-05,2060-05-05,2061-05-05,2062-05-05,2063-05-05,2064-05-05,2065-05-05,2066-05-05,2067-05-05,2068-05-04,2069-05-05,2070-05-05,2071-05-05,2072-05-04,2073-05-05,2074-05-05,2075-05-05,2076-05-04,2077-05-05,2078-05-05,2079-05-05,2080-05-04,2081-05-05,2082-05-05,2083-05-05,2084-05-04,2085-05-05,2086-05-05,2087-05-05,2088-05-04,2089-05-05,2090-05-05,2091-05-05,2092-05-04,2093-05-05,2094-05-05,2095-05-05,2096-05-04,2097-05-05,2098-05-05,2099-05-05,2100-05-05
小滿,1924-05-21,1925-05-21,1926-05-22,1927-05-22,1928-05-21,1929-05-21,1930-05-22,1931-05-22,1932-05-21,1933-05-21,1934-05-22,1935-05-22,1936-05-21,1937-05-21,1938-05-22,1939-05-22,1940-05-21,1941-05-21,1942-05-22,1943-05-22,1944-05-21,1945-05-21,1946-05-22,1947-05-22,1948-05-21,1949-05-21,1950-05-21,1951-05-22,1952-05-21,1953-05-21,1954-05-21,1955-05-22,1956-05-21,1957-05-21,1958-05-21,1959-05-22,1960-05-21,1961-05-21,1962-05-21,1963-05-22,1964-05-21,1965-05-21,1966-05-21,1967-05-22,1968-05-21,1969-05-21,1970-05-21,1971-05-22,1972-05-21,1973-05-21,1974-05-21,1975-05-22,1976-05-21,1977-05-21,1978-05-21,1979-05-21,1980-05-21,1981-05-21,1982-05-21,1983-05-21,1984-05-21,1985-05-21,1986-05-21,1987-05-21,1988-05-21,1989-05-21,1990-05-21,1991-05-21,1992-05-21,1993-05-21,1994-05-21,1995-05-21,1996-05-21,1997-05-21,1998-05-21,1999-05-21,2000-05-21,2001-05-21,2002-05-21,2003-05-21,2004-05-21,2005-05-21,2006-05-21,2007-05-21,2008-05-21,2009-05-21,2010-05-21,2011-05-21,2012-05-20,2013-05-21,2014-05-21,2015-05-21,2016-05-20,2017-05-21,2018-05-21,2019-05-21,2020-05-20,2021-05-21,2022-05-21,2023-05-21,2024-05-20,2025-05-21,2026-05-21,2027-05-21,2028-05-20,2029-05-21,2030-05-21,2031-05-21,2032-05-20,2033-05-21,2034-05-21,2035-05-21,2036-05-20,2037-05-21,2038-05-21,2039-05-21,2040-05-20,2041-05-20,2042-05-21,2043-05-21,2044-05-20,2045-05-20,2046-05-21,2047-05-21,2048-05-20,2049-05-20,2050-05-21,2051-05-21,2052-05-20,2053-05-20,2054-05-21,2055-05-21,2056-05-20,2057-05-20,2058-05-21,2059-05-21,2060-05-20,2061-05-20,2062-05-21,2063-05-21,2064-05-20,2065-05-20,2066-05-21,2067-05-21,2068-05-20,2069-05-20,2070-05-20,2071-05-21,2072-05-20,2073-05-20,2074-05-20,2075-05-21,2076-05-20,2077-05-20,2078-05-20,2079-05-21,2080-05-20,2081-05-20,2082-05-20,2083-05-21,2084-05-20,2085-05-20,2086-05-20,2087-05-21,2088-05-20,2089-05-20,2090-05-20,2091-05-21,2092-05-20,2093-05-20,2094-05-20,2095-05-21,2096-05-20,2097-05-20,2098-05-20,2099-05-21,2100-05-21
芒种,1924-06-06,1925-06-06,1926-06-06,1927-06-07,1928-06-06,1929-06-06,1930-06-06,1931-06-07,1932-06-06,1933-06-06,1934-06-06,1935-06-06,1936-06-06,1937-06-06,1938-06-06,1939-06-06,1940-06-06,1941-06-06,1942-06-06,1943-06-06,1944-06-06,1945-06-06,1946-06-06,1947-06-06,1948-06-06,1949-06-06,1950-06-06,1951-06-06,1952-06-06,1953-06-06,1954-06-06,1955-06-06,1956-06-06,1957-06-06,1958-06-06,1959-06-06,1960-06-06,1961-06-06,1962-06-06,1963-06-06,1964-06-06,1965-06-06,1966-06-06,1967-06-06,1968-06-05,1969-06-06,1970-06-06,1971-06-06,1972-06-05,1973-06-06,1974-06-06,1975-06-06,1976-06-05,1977-06-06,1978-06-06,1979-06-06,1980-06-05,1981-06-06,1982-06-06,1983-06-06,1984-06-05,1985-06-06,1986-06-06,1987-06-06,1988-06-05,1989-06-06,1990-06-06,1991-06-06,1992-06-05,1993-06-06,1994-06-06,1995-06-06,1996-06-05,1997-06-05,1998-06-06,1999-06-06,2000-06-05,2001-06-05,2002-06-06,2003-06-06,2004-06-05,2005-06-05,2006-06-06,2007-06-06,2008-06-05,2009-06-05,2010-06-06,2011-06-06,2012-06-05,2013-06-05,2014-06-06,2015-06-06,2016-06-05,2017-06-05,2018-06-06,2019-06-06,2020-06-05,2021-06-05,2022-06-06,2023-06-06,2024-06-05,2025-06-05,2026-06-05,2027-06-06,2028-06-05,2029-06-05,2030-06-05,2031-06-06,2032-06-05,2033-06-05,2034-06-05,2035-06-06,2036-06-05,2037-06-05,2038-06-05,2039-06-06,2040-06-05,2041-06-05,2042-06-05,2043-06-06,2044-06-05,2045-06-05,2046-06-05,2047-06-06,2048-06-05,2049-06-05,2050-06-05,2051-06-06,2052-06-05,2053-06-05,2054-06-05,2055-06-05,2056-06-05,2057-06-05,2058-06-05,2059-06-05,2060-06-05,2061-06-05,2062-06-05,2063-06-05,2064-06-05,2065-06-05,2066-06-05,2067-06-05,2068-06-05,2069-06-05,2070-06-05,2071-06-05,2072-06-05,2073-06-05,2074-06-05,2075-06-05,2076-06-05,2077-06-05,2078-06-05,2079-06-05,2080-06-05,2081-06-05,2082-06-05,2083-06-05,2084-06-05,2085-06-05,2086-06-05,2087-06-05,2088-06-04,2089-06-05,2090-06-05,2091-06-05,2092-06-04,2093-06-05,2094-06-05,2095-06-05,2096-06-04,2097-06-05,2098-06-05,2099-06-05,2100-06-05
夏至,1924-06-22,1925-06-22,1926-06-22,1927-06-22,1928-06-22,1929-06-22,1930-06-22,1931-06-22,1932-06-21,1933-06-22,1934-06-22,1935-06-22,1936-06-21,1937-06-22,1938-06-22,1939-06-22,1940-06-21,1941-06-22,1942-06-22,1943-06-22,1944-06-21,1945-06-22,1946-06-22,1947-06-22,1948-06-21,1949-06-22,1950-06-22,1951-06-22,1952-06-21,1953-06-22,1954-06-22,1955-06-22,1956-06-21,1957-06-22,1958-06-22,1959-06-22,1960-06-21,1961-06-21,1962-06-22,1963-06-22,1964-06-21,1965-06-21,1966-06-22,1967-06-22,1968-06-21,1969-06-21,1970-06-22,1971-06-22,1972-06-21,1973-06-21,1974-06-22,1975-06-22,1976-06-21,1977-06-21,1978-06-22,1979-06-22,1980-06-21,1981-06-21,1982-06-22,1983-06-22,1984-06-21,1985-06-21,1986-06-22,1987-06-22,1988-06-21,1989-06-21,1990-06-22,1991-06-22,1992-06-21,1993-06-21,1994-06-21,1995-06-22,1996-06-21,1997-06-21,1998-06-21,1999-06-22,2000-06-21,2001-06-21,2002-06-21,2003-06-22,2004-06-21,2005-06-21,2006-06-21,2007-06-22,2008-06-21,2009-06-21,2010-06-21,2011-06-22,2012-06-21,2013-06-21,2014-06-21,2015-06-22,2016-06-21,2017-06-21,2018-06-21,2019-06-21,2020-06-21,2021-06-21,2022-06-21,2023-06-21,2024-06-21,2025-06-21,2026-06-21,2027-06-21,2028-06-21,2029-06-21,2030-06-21,2031-06-21,2032-06-21,2033-06-21,2034-06-21,2035-06-21,2036-06-21,2037-06-21,2038-06-21,2039-06-21,2040-06-21,2041-06-21,2042-06-21,2043-06-21,2044-06-21,2045-06-21,2046-06-21,2047-06-21,2048-06-20,2049-06-21,2050-06-21,2051-06-21,2052-06-20,2053-06-21,2054-06-21,2055-06-21,2056-06-20,2057-06-21,2058-06-21,2059-06-21,2060-06-20,2061-06-21,2062-06-21,2063-06-21,2064-06-20,2065-06-21,2066-06-21,2067-06-21,2068-06-20,2069-06-21,2070-06-21,2071-06-21,2072-06-20,2073-06-21,2074-06-21,2075-06-21,2076-06-20,2077-06-21,2078-06-21,2079-06-21,2080-06-20,2081-06-20,2082-06-21,2083-06-21,2084-06-20,2085-06-20,2086-06-21,2087-06-21,2088-06-20,2089-06-20,2090-06-21,2091-06-21,2092-06-20,2093-06-20,2094-06-21,2095-06-21,2096-06-20,2097-06-20,2098-06-21,2099-06-21,2100-06-21
小暑,1924-07-07,1925-07-08,1926-07-08,1927-07-08,1928-07-07,1929-07-07,1930-07-08,1931-07-08,1932-07-07,1933-07-07,1934-07-08,1935-07-08,1936-07-07,1937-07-07,1938-07-08,1939-07-08,1940-07-07,1941-07-07,1942-07-08,1943-07-08,1944-07-07,1945-07-07,1946-07-08,1947-07-08,1948-07-07,1949-07-07,1950-07-08,1951-07-08,1952-07-07,1953-07-07,1954-07-08,1955-07-08,1956-07-07,1957-07-07,1958-07-07,1959-07-08,1960-07-07,1961-07-07,1962-07-07,1963-07-08,1964-07-07,1965-07-07,1966-07-07,1967-07-08,1968-07-07,1969-07-07,1970-07-07,1971-07-08,1972-07-07,1973-07-07,1974-07-07,1975-07-08,1976-07-07,1977-07-07,1978-07-07,1979-07-08,1980-07-07,1981-07-07,1982-07-07,1983-07-08,1984-07-07,1985-07-07,1986-07-07,1987-07-08,1988-07-07,1989-07-07,1990-07-07,1991-07-07,1992-07-07,1993-07-07,1994-07-07,1995-07-07,1996-07-07,1997-07-07,1998-07-07,1999-07-07,2000-07-07,2001-07-07,2002-07-07,2003-07-07,2004-07-07,2005-07-07,2006-07-07,2007-07-07,2008-07-07,2009-07-07,2010-07-07,2011-07-07,2012-07-07,2013-07-07,2014-07-07,2015-07-07,2016-07-07,2017-07-07,2018-07-07,2019-07-07,2020-07-06,2021-07-07,2022-07-07,2023-07-07,2024-07-06,2025-07-07,2026-07-07,2027-07-07,2028-07-06,2029-07-07,2030-07-07,2031-07-07,2032-07-06,2033-07-07,2034-07-07,2035-07-07,2036-07-06,2037-07-07,2038-07-07,2039-07-07,2040-07-06,2041-07-07,2042-07-07,2043-07-07,2044-07-06,2045-07-07,2046-07-07,2047-07-07,2048-07-06,2049-07-06,2050-07-07,2051-07-07,2052-07-06,2053-07-06,2054-07-07,2055-07-07,2056-07-06,2057-07-06,2058-07-07,2059-07-07,2060-07-06,2061-07-06,2062-07-07,2063-07-07,2064-07-06,2065-07-06,2066-07-07,2067-07-07,2068-07-06,2069-07-06,2070-07-07,2071-07-07,2072-07-06,2073-07-06,2074-07-07,2075-07-07,2076-07-06,2077-07-06,2078-07-06,2079-07-07,2080-07-06,2081-07-06,2082-07-06,2083-07-07,2084-07-06,2085-07-06,2086-07-06,2087-07-07,2088-07-06,2089-07-06,2090-07-06,2091-07-07,2092-07-06,2093-07-06,2094-07-06,2095-07-07,2096-07-06,2097-07-06,2098-07-06,2099-07-07,2100-07-07
大暑,1924-07-23,1925-07-23,1926-07-23,1927-07-24,1928-07-23,1929-07-23,1930-07-23,1931-07-24,1932-07-23,1933-07-23,1934-07-23,1935-07-24,1936-07-23,1937-07-23,1938-07-23,1939-07-24,1940-07-23,1941-07-23,1942-07-23,1943-07-24,1944-07-23,1945-07-23,1946-07-23,1947-07-24,1948-07-23,1949-07-23,1950-07-23,1951-07-24,1952-07-23,1953-07-23,1954-07-23,1955-07-23,1956-07-23,1957-07-23,1958-07-23,1959-07-23,1960-07-23,1961-07-23,1962-07-23,1963-07-23,1964-07-23,1965-07-23,1966-07-23,1967-07-23,1968-07-23,1969-07-23,1970-07-23,1971-07-23,1972-07-23,1973-07-23,1974-07-23,1975-07-23,1976-07-23,1977-07-23,1978-07-23,1979-07-23,1980-07-23,1981-07-23,1982-07-23,1983-07-23,1984-07-22,1985-07-23,1986-07-23,1987-07-23,1988-07-22,1989-07-23,1990-07-23,1991-07-23,1992-07-22,1993-07-23,1994-07-23,1995-07-23,1996-07-22,1997-07-23,1998-07-23,1999-07-23,2000-07-22,2001-07-23,2002-07-23,2003-07-23,2004-07-22,2005-07-23,2006-07-23,2007-07-23,2008-07-22,2009-07-23,2010-07-23,2011-07-23,2012-07-22,2013-07-22,2014-07-23,2015-07-23,2016-07-22,2017-07-22,2018-07-23,2019-07-23,2020-07-22,2021-07-22,2022-07-23,2023-07-23,2024-07-22,2025-07-22,2026-07-23,2027-07-23,2028-07-22,2029-07-22,2030-07-23,2031-07-23,2032-07-22,2033-07-22,2034-07-23,2035-07-23,2036-07-22,2037-07-22,2038-07-23,2039-07-23,2040-07-22,2041-07-22,2042-07-23,2043-07-23,2044-07-22,2045-07-22,2046-07-22,2047-07-23,2048-07-22,2049-07-22,2050-07-22,2051-07-23,2052-07-22,2053-07-22,2054-07-22,2055-07-23,2056-07-22,2057-07-22,2058-07-22,2059-07-23,2060-07-22,2061-07-22,2062-07-22,2063-07-23,2064-07-22,2065-07-22,2066-07-22,2067-07-23,2068-07-22,2069-07-22,2070-07-22,2071-07-23,2072-07-22,2073-07-22,2074-07-22,2075-07-22,2076-07-22,2077-07-22,2078-07-22,2079-07-22,2080-07-22,2081-07-22,2082-07-22,2083-07-22,2084-07-22,2085-07-22,2086-07-22,2087-07-22,2088-07-22,2089-07-22,2090-07-22,2091-07-22,2092-07-22,2093-07-22,2094-07-22,2095-07-22,2096-07-22,2097-07-22,2098-07-22,2099-07-22,2100-07-23
立秋,1924-08-08,1925-08-08,1926-08-08,1927-08-08,1928-08-08,1929-08-08,1930-08-08,1931-08-08,1932-08-08,1933-08-08,1934-08-08,1935-08-08,1936-08-08,1937-08-08,1938-08-08,1939-08-08,1940-08-08,1941-08-08,1942-08-08,1943-08-08,1944-08-08,1945-08-08,1946-08-08,1947-08-08,1948-08-08,1949-08-08,1950-08-08,1951-08-08,1952-08-07,1953-08-08,1954-08-08,1955-08-08,1956-08-07,1957-08-08,1958-08-08,1959-08-08,1960-08-07,1961-08-08,1962-08-08,1963-08-08,1964-08-07,1965-08-08,1966-08-08,1967-08-08,1968-08-07,1969-08-08,1970-08-08,1971-08-08,1972-08-07,1973-08-08,1974-08-08,1975-08-08,1976-08-07,1977-08-07,1978-08-08,1979-08-08,1980-08-07,1981-08-07,1982-08-08,1983-08-08,1984-08-07,1985-08-07,1986-08-08,1987-08-08,1988-08-07,1989-08-07,1990-08-08,1991-08-08,1992-08-07,1993-08-07,1994-08-08,1995-08-08,1996-08-07,1997-08-07,1998-08-08,1999-08-08,2000-08-07,2001-08-07,2002-08-08,2003-08-08,2004-08-07,2005-08-07,2006-08-07,2007-08-08,2008-08-07,2009-08-07,2010-08-07,2011-08-08,2012-08-07,2013-08-07,2014-08-07,2015-08-08,2016-08-07,2017-08-07,2018-08-07,2019-08-08,2020-08-07,2021-08-07,2022-08-07,2023-08-08,2024-08-07,2025-08-07,2026-08-07,2027-08-08,2028-08-07,2029-08-07,2030-08-07,2031-08-08,2032-08-07,2033-08-07,2034-08-07,2035-08-07,2036-08-07,2037-08-07,2038-08-07,2039-08-07,2040-08-07,2041-08-07,2042-08-07,2043-08-07,2044-08-07,2045-08-07,2046-08-07,2047-08-07,2048-08-07,2049-08-07,2050-08-07,2051-08-07,2052-08-07,2053-08-07,2054-08-07,2055-08-07,2056-08-07,2057-08-07,2058-08-07,2059-08-07,2060-08-07,2061-08-07,2062-08-07,2063-08-07,2064-08-07,2065-08-07,2066-08-07,2067-08-07,2068-08-06,2069-08-07,2070-08-07,2071-08-07,2072-08-06,2073-08-07,2074-08-07,2075-08-07,2076-08-06,2077-08-07,2078-08-07,2079-08-07,2080-08-06,2081-08-07,2082-08-07,2083-08-07,2084-08-06,2085-08-07,2086-08-07,2087-08-07,2088-08-06,2089-08-07,2090-08-07,2091-08-07,2092-08-06,2093-08-07,2094-08-07,2095-08-07,2096-08-06,2097-08-06,2098-08-07,2099-08-07,2100-08-07
处暑,1924-08-23,1925-08-24,1926-08-24,1927-08-24,1928-08-23,1929-08-23,1930-08-24,1931-08-24,1932-08-23,1933-08-23,1934-08-24,1935-08-24,1936-08-23,1937-08-23,1938-08-24,1939-08-24,1940-08-23,1941-08-23,1942-08-24,1943-08-24,1944-08-23,1945-08-23,1946-08-24,1947-08-24,1948-08-23,1949-08-23,1950-08-24,1951-08-24,1952-08-23,1953-08-23,1954-08-24,1955-08-24,1956-08-23,1957-08-23,1958-08-23,1959-08-24,1960-08-23,1961-08-23,1962-08-23,1963-08-24,1964-08-23,1965-08-23,1966-08-23,1967-08-24,1968-08-23,1969-08-23,1970-08-23,1971-08-24,1972-08-23,1973-08-23,1974-08-23,1975-08-24,1976-08-23,1977-08-23,1978-08-23,1979-08-24,1980-08-23,1981-08-23,1982-08-23,1983-08-24,1984-08-23,1985-08-23,1986-08-23,1987-08-24,1988-08-23,1989-08-23,1990-08-23,1991-08-24,1992-08-23,1993-08-23,1994-08-23,1995-08-23,1996-08-23,1997-08-23,1998-08-23,1999-08-23,2000-08-23,2001-08-23,2002-08-23,2003-08-23,2004-08-23,2005-08-23,2006-08-23,2007-08-23,2008-08-23,2009-08-23,2010-08-23,2011-08-23,2012-08-23,2013-08-23,2014-08-23,2015-08-23,2016-08-23,2017-08-23,2018-08-23,2019-08-23,2020-08-22,2021-08-23,2022-08-23,2023-08-23,2024-08-22,2025-08-23,2026-08-23,2027-08-23,2028-08-22,2029-08-23,2030-08-23,2031-08-23,2032-08-22,2033-08-23,2034-08-23,2035-08-23,2036-08-22,2037-08-23,2038-08-23,2039-08-23,2040-08-22,2041-08-23,2042-08-23,2043-08-23,2044-08-22,2045-08-23,2046-08-23,2047-08-23,2048-08-22,2049-08-22,2050-08-23,2051-08-23,2052-08-22,2053-08-22,2054-08-23,2055-08-23,2056-08-22,2057-08-22,2058-08-23,2059-08-23,2060-08-22,2061-08-22,2062-08-23,2063-08-23,2064-08-22,2065-08-22,2066-08-23,2067-08-23,2068-08-22,2069-08-22,2070-08-23,2071-08-23,2072-08-22,2073-08-22,2074-08-23,2075-08-23,2076-08-22,2077-08-22,2078-08-23,2079-08-23,2080-08-22,2081-08-22,2082-08-22,2083-08-23,2084-08-22,2085-08-22,2086-08-22,2087-08-23,2088-08-22,2089-08-22,2090-08-22,2091-08-23,2092-08-22,2093-08-22,2094-08-22,2095-08-23,2096-08-22,2097-08-22,2098-08-22,2099-08-23,2100-08-23
白露,1924-09-08,1925-09-08,1926-09-08,1927-09-09,1928-09-08,1929-09-08,1930-09-08,1931-09-08,1932-09-08,1933-09-08,1934-09-08,1935-09-08,1936-09-08,1937-09-08,1938-09-08,1939-09-08,1940-09-08,1941-09-08,1942-09-08,1943-09-08,1944-09-08,1945-09-08,1946-09-08,1947-09-08,1948-09-08,1949-09-08,1950-09-08,1951-09-08,1952-09-08,1953-09-08,1954-09-08,1955-09-08,1956-09-08,1957-09-08,1958-09-08,1959-09-08,1960-09-07,1961-09-08,1962-09-08,1963-09-08,1964-09-07,1965-09-08,1966-09-08,1967-09-08,1968-09-07,1969-09-08,1970-09-08,1971-09-08,1972-09-07,1973-09-08,1974-09-08,1975-09-08,1976-09-07,1977-09-08,1978-09-08,1979-09-08,1980-09-07,1981-09-08,1982-09-08,1983-09-08,1984-09-07,1985-09-08,1986-09-08,1987-09-08,1988-09-07,1989-09-08,1990-09-08,1991-09-08,1992-09-07,1993-09-07,1994-09-08,1995-09-08,1996-09-07,1997-09-07,1998-09-08,1999-09-08,2000-09-07,2001-09-07,2002-09-08,2003-09-08,2004-09-07,2005-09-07,2006-09-08,2007-09-08,2008-09-07,2009-09-07,2010-09-08,2011-09-08,2012-09-07,2013-09-07,2014-09-08,2015-09-08,2016-09-07,2017-09-07,2018-09-08,2019-09-08,2020-09-07,2021-09-07,2022-09-07,2023-09-08,2024-09-07,2025-09-07,2026-09-07,2027-09-08,2028-09-07,2029-09-07,2030-09-07,2031-09-08,2032-09-07,2033-09-07,2034-09-07,2035-09-08,2036-09-07,2037-09-07,2038-09-07,2039-09-08,2040-09-07,2041-09-07,2042-09-07,2043-09-08,2044-09-07,2045-09-07,2046-09-07,2047-09-08,2048-09-07,2049-09-07,2050-09-07,2051-09-07,2052-09-07,2053-09-07,2054-09-07,2055-09-07,2056-09-07,2057-09-07,2058-09-07,2059-09-07,2060-09-07,2061-09-07,2062-09-07,2063-09-07,2064-09-07,2065-09-07,2066-09-07,2067-09-07,2068-09-07,2069-09-07,2070-09-07,2071-09-07,2072-09-07,2073-09-07,2074-09-07,2075-09-07,2076-09-07,2077-09-07,2078-09-07,2079-09-07,2080-09-07,2081-09-07,2082-09-07,2083-09-07,2084-09-06,2085-09-07,2086-09-07,2087-09-07,2088-09-06,2089-09-07,2090-09-07,2091-09-07,2092-09-06,2093-09-07,2094-09-07,2095-09-07,2096-09-06,2097-09-07,2098-09-07,2099-09-07,2100-09-07
秋分,1924-09-23,1925-09-23,1926-09-24,1927-09-24,1928-09-23,1929-09-23,1930-09-24,1931-09-24,1932-09-23,1933-09-23,1934-09-24,1935-09-24,1936-09-23,1937-09-23,1938-09-24,1939-09-24,1940-09-23,1941-09-23,1942-09-24,1943-09-24,1944-09-23,1945-09-23,1946-09-24,1947-09-24,1948-09-23,1949-09-23,1950-09-23,1951-09-24,1952-09-23,1953-09-23,1954-09-23,1955-09-24,1956-09-23,1957-09-23,1958-09-23,1959-09-24,1960-09-23,1961-09-23,1962-09-23,1963-09-24,1964-09-23,1965-09-23,1966-09-23,1967-09-24,1968-09-23,1969-09-23,1970-09-23,1971-09-24,1972-09-23,1973-09-23,1974-09-23,1975-09-23,1976-09-23,1977-09-23,1978-09-23,1979-09-23,1980-09-23,1981-09-23,1982-09-23,1983-09-23,1984-09-23,1985-09-23,1986-09-23,1987-09-23,1988-09-23,1989-09-23,1990-09-23,1991-09-23,1992-09-23,1993-09-23,1994-09-23,1995-09-23,1996-09-23,1997-09-23,1998-09-23,1999-09-23,2000-09-23,2001-09-23,2002-09-23,2003-09-23,2004-09-23,2005-09-23,2006-09-23,2007-09-23,2008-09-22,2009-09-23,2010-09-23,2011-09-23,2012-09-22,2013-09-23,2014-09-23,2015-09-23,2016-09-22,2017-09-23,2018-09-23,2019-09-23,2020-09-22,2021-09-23,2022-09-23,2023-09-23,2024-09-22,2025-09-23,2026-09-23,2027-09-23,2028-09-22,2029-09-23,2030-09-23,2031-09-23,2032-09-22,2033-09-23,2034-09-23,2035-09-23,2036-09-22,2037-09-23,2038-09-23,2039-09-23,2040-09-22,2041-09-22,2042-09-23,2043-09-23,2044-09-22,2045-09-22,2046-09-23,2047-09-23,2048-09-22,2049-09-22,2050-09-23,2051-09-23,2052-09-22,2053-09-22,2054-09-23,2055-09-23,2056-09-22,2057-09-22,2058-09-23,2059-09-23,2060-09-22,2061-09-22,2062-09-23,2063-09-23,2064-09-22,2065-09-22,2066-09-23,2067-09-23,2068-09-22,2069-09-22,2070-09-22,2071-09-23,2072-09-22,2073-09-22,2074-09-22,2075-09-23,2076-09-22,2077-09-22,2078-09-22,2079-09-23,2080-09-22,2081-09-22,2082-09-22,2083-09-23,2084-09-22,2085-09-22,2086-09-22,2087-09-23,2088-09-22,2089-09-22,2090-09-22,2091-09-23,2092-09-22,2093-09-22,2094-09-22,2095-09-23,2096-09-22,2097-09-22,2098-09-22,2099-09-23,2100-09-23
寒露,1924-10-08,1925-10-09,1926-10-09,1927-10-09,1928-10-08,1929-10-09,1930-10-09,1931-10-09,1932-10-08,1933-10-09,1934-10-09,1935-10-09,1936-10-08,1937-10-09,1938-10-09,1939-10-09,1940-10-08,1941-10-09,1942-10-09,1943-10-09,1944-10-08,1945-10-08,1946-10-09,1947-10-09,1948-10-08,1949-10-08,1950-10-09,1951-10-09,1952-10-08,1953-10-08,1954-10-09,1955-10-09,1956-10-08,1957-10-08,1958-10-09,1959-10-09,1960-10-08,1961-10-08,1962-10-09,1963-10-09,1964-10-08,1965-10-08,1966-10-09,1967-10-09,1968-10-08,1969-10-08,1970-10-09,1971-10-09,1972-10-08,1973-10-08,1974-10-09,1975-10-09,1976-10-08,1977-10-08,1978-10-08,1979-10-09,1980-10-08,1981-10-08,1982-10-08,1983-10-09,1984-10-08,1985-10-08,1986-10-08,1987-10-09,1988-10-08,1989-10-08,1990-10-08,1991-10-09,1992-10-08,1993-10-08,1994-10-08,1995-10-09,1996-10-08,1997-10-08,1998-10-08,1999-10-09,2000-10-08,2001-10-08,2002-10-08,2003-10-09,2004-10-08,2005-10-08,2006-10-08,2007-10-09,2008-10-08,2009-10-08,2010-10-08,2011-10-08,2012-10-08,2013-10-08,2014-10-08,2015-10-08,2016-10-08,2017-10-08,2018-10-08,2019-10-08,2020-10-08,2021-10-08,2022-10-08,2023-10-08,2024-10-08,2025-10-08,2026-10-08,2027-10-08,2028-10-08,2029-10-08,2030-10-08,2031-10-08,2032-10-08,2033-10-08,2034-10-08,2035-10-08,2036-10-08,2037-10-08,2038-10-08,2039-10-08,2040-10-08,2041-10-08,2042-10-08,2043-10-08,2044-10-07,2045-10-08,2046-10-08,2047-10-08,2048-10-07,2049-10-08,2050-10-08,2051-10-08,2052-10-07,2053-10-08,2054-10-08,2055-10-08,2056-10-07,2057-10-08,2058-10-08,2059-10-08,2060-10-07,2061-10-08,2062-10-08,2063-10-08,2064-10-07,2065-10-08,2066-10-08,2067-10-08,2068-10-07,2069-10-08,2070-10-08,2071-10-08,2072-10-07,2073-10-07,2074-10-08,2075-10-08,2076-10-07,2077-10-07,2078-10-08,2079-10-08,2080-10-07,2081-10-07,2082-10-08,2083-10-08,2084-10-07,2085-10-07,2086-10-08,2087-10-08,2088-10-07,2089-10-07,2090-10-08,2091-10-08,2092-10-07,2093-10-07,2094-10-08,2095-10-08,2096-10-07,2097-10-07,2098-10-08,2099-10-08,2100-10-08
霜降,1924-10-24,1925-10-24,1926-10-24,1927-10-24,1928-10-23,1929-10-24,1930-10-24,1931-10-24,1932-10-23,1933-10-24,1934-10-24,1935-10-24,1936-10-23,1937-10-24,1938-10-24,1939-10-24,1940-10-23,1941-10-24,1942-10-24,1943-10-24,1944-10-23,1945-10-24,1946-10-24,1947-10-24,1948-10-23,1949-10-24,1950-10-24,1951-10-24,1952-10-23,1953-10-24,1954-10-24,1955-10-24,1956-10-23,1957-10-24,1958-10-24,1959-10-24,1960-10-23,1961-10-23,1962-10-24,1963-10-24,1964-10-23,1965-10-23,1966-10-24,1967-10-24,1968-10-23,1969-10-23,1970-10-24,1971-10-24,1972-10-23,1973-10-23,1974-10-24,1975-10-24,1976-10-23,1977-10-23,1978-10-24,1979-10-24,1980-10-23,1981-10-23,1982-10-24,1983-10-24,1984-10-23,1985-10-23,1986-10-24,1987-10-24,1988-10-23,1989-10-23,1990-10-24,1991-10-24,1992-10-23,1993-10-23,1994-10-23,1995-10-24,1996-10-23,1997-10-23,1998-10-23,1999-10-24,2000-10-23,2001-10-23,2002-10-23,2003-10-24,2004-10-23,2005-10-23,2006-10-23,2007-10-24,2008-10-23,2009-10-23,2010-10-23,2011-10-24,2012-10-23,2013-10-23,2014-10-23,2015-10-24,2016-10-23,2017-10-23,2018-10-23,2019-10-24,2020-10-23,2021-10-23,2022-10-23,2023-10-24,2024-10-23,2025-10-23,2026-10-23,2027-10-23,2028-10-23,2029-10-23,2030-10-23,2031-10-23,2032-10-23,2033-10-23,2034-10-23,2035-10-23,2036-10-23,2037-10-23,2038-10-23,2039-10-23,2040-10-23,2041-10-23,2042-10-23,2043-10-23,2044-10-23,2045-10-23,2046-10-23,2047-10-23,2048-10-23,2049-10-23,2050-10-23,2051-10-23,2052-10-23,2053-10-23,2054-10-23,2055-10-23,2056-10-23,2057-10-23,2058-10-23,2059-10-23,2060-10-22,2061-10-23,2062-10-23,2063-10-23,2064-10-22,2065-10-23,2066-10-23,2067-10-23,2068-10-22,2069-10-23,2070-10-23,2071-10-23,2072-10-22,2073-10-23,2074-10-23,2075-10-23,2076-10-22,2077-10-23,2078-10-23,2079-10-23,2080-10-22,2081-10-23,2082-10-23,2083-10-23,2084-10-22,2085-10-23,2086-10-23,2087-10-23,2088-10-22,2089-10-23,2090-10-23,2091-10-23,2092-10-22,2093-10-22,2094-10-23,2095-10-23,2096-10-22,2097-10-22,2098-10-23,2099-10-23,2100-10-23
立冬,1924-11-08,1925-11-08,1926-11-08,1927-11-08,1928-11-07,1929-11-08,1930-11-08,1931-11-08,1932-11-07,1933-11-08,1934-11-08,1935-11-08,1936-11-07,1937-11-08,1938-11-08,1939-11-08,1940-11-07,1941-11-08,1942-11-08,1943-11-08,1944-11-07,1945-11-08,1946-11-08,1947-11-08,1948-11-07,1949-11-08,1950-11-08,1951-11-08,1952-11-07,1953-11-08,1954-11-08,1955-11-08,1956-11-07,1957-11-08,1958-11-08,1959-11-08,1960-11-07,1961-11-07,1962-11-08,1963-11-08,1964-11-07,1965-11-07,1966-11-08,1967-11-08,1968-11-07,1969-11-07,1970-11-08,1971-11-08,1972-11-07,1973-11-07,1974-11-08,1975-11-08,1976-11-07,1977-11-07,1978-11-08,1979-11-08,1980-11-07,1981-11-07,1982-11-08,1983-11-08,1984-11-07,1985-11-07,1986-11-08,1987-11-08,1988-11-07,1989-11-07,1990-11-08,1991-11-08,1992-11-07,1993-11-07,1994-11-07,1995-11-08,1996-11-07,1997-11-07,1998-11-07,1999-11-08,2000-11-07,2001-11-07,2002-11-07,2003-11-08,2004-11-07,2005-11-07,2006-11-07,2007-11-08,2008-11-07,2009-11-07,2010-11-07,2011-11-08,2012-11-07,2013-11-07,2014-11-07,2015-11-08,2016-11-07,2017-11-07,2018-11-07,2019-11-08,2020-11-07,2021-11-07,2022-11-07,2023-11-08,2024-11-07,2025-11-07,2026-11-07,2027-11-07,2028-11-07,2029-11-07,2030-11-07,2031-11-07,2032-11-07,2033-11-07,2034-11-07,2035-11-07,2036-11-07,2037-11-07,2038-11-07,2039-11-07,2040-11-07,2041-11-07,2042-11-07,2043-11-07,2044-11-07,2045-11-07,2046-11-07,2047-11-07,2048-11-07,2049-11-07,2050-11-07,2051-11-07,2052-11-07,2053-11-07,2054-11-07,2055-11-07,2056-11-07,2057-11-07,2058-11-07,2059-11-07,2060-11-06,2061-11-07,2062-11-07,2063-11-07,2064-11-06,2065-11-07,2066-11-07,2067-11-07,2068-11-06,2069-11-07,2070-11-07,2071-11-07,2072-11-06,2073-11-07,2074-11-07,2075-11-07,2076-11-06,2077-11-07,2078-11-07,2079-11-07,2080-11-06,2081-11-07,2082-11-07,2083-11-07,2084-11-06,2085-11-07,2086-11-07,2087-11-07,2088-11-06,2089-11-07,2090-11-07,2091-11-07,2092-11-06,2093-11-06,2094-11-07,2095-11-07,2096-11-06,2097-11-06,2098-11-07,2099-11-07,2100-11-07
小雪,1924-11-22,1925-11-23,1926-11-23,1927-11-23,1928-11-22,1929-11-23,1930-11-23,1931-11-23,1932-11-22,1933-11-23,1934-11-23,1935-11-23,1936-11-22,1937-11-23,1938-11-23,1939-11-23,1940-11-22,1941-11-23,1942-11-23,1943-11-23,1944-11-22,1945-11-22,1946-11-23,1947-11-23,1948-11-22,1949-11-22,1950-11-23,1951-11-23,1952-11-22,1953-11-22,1954-11-23,1955-11-23,1956-11-22,1957-11-22,1958-11-23,1959-11-23,1960-11-22,1961-11-22,1962-11-23,1963-11-23,1964-11-22,1965-11-22,1966-11-23,1967-11-23,1968-11-22,1969-11-22,1970-11-23,1971-11-23,1972-11-22,1973-11-22,1974-11-23,1975-11-23,1976-11-22,1977-11-22,1978-11-23,1979-11-23,1980-11-22,1981-11-22,1982-11-22,1983-11-23,1984-11-22,1985-11-22,1986-11-22,1987-11-23,1988-11-22,1989-11-22,1990-11-22,1991-11-23,1992-11-22,1993-11-22,1994-11-22,1995-11-23,1996-11-22,1997-11-22,1998-11-22,1999-11-23,2000-11-22,2001-11-22,2002-11-22,2003-11-23,2004-11-22,2005-11-22,2006-11-22,2007-11-23,2008-11-22,2009-11-22,2010-11-22,2011-11-23,2012-11-22,2013-11-22,2014-11-22,2015-11-22,2016-11-22,2017-11-22,2018-11-22,2019-11-22,2020-11-22,2021-11-22,2022-11-22,2023-11-22,2024-11-22,2025-11-22,2026-11-22,2027-11-22,2028-11-22,2029-11-22,2030-11-22,2031-11-22,2032-11-22,2033-11-22,2034-11-22,2035-11-22,2036-11-22,2037-11-22,2038-11-22,2039-11-22,2040-11-22,2041-11-22,2042-11-22,2043-11-22,2044-11-22,2045-11-22,2046-11-22,2047-11-22,2048-11-21,2049-11-22,2050-11-22,2051-11-22,2052-11-21,2053-11-22,2054-11-22,2055-11-22,2056-11-21,2057-11-22,2058-11-22,2059-11-22,2060-11-21,2061-11-22,2062-11-22,2063-11-22,2064-11-21,2065-11-22,2066-11-22,2067-11-22,2068-11-21,2069-11-22,2070-11-22,2071-11-22,2072-11-21,2073-11-22,2074-11-22,2075-11-22,2076-11-21,2077-11-22,2078-11-22,2079-11-22,2080-11-21,2081-11-21,2082-11-22,2083-11-22,2084-11-21,2085-11-21,2086-11-22,2087-11-22,2088-11-21,2089-11-21,2090-11-22,2091-11-22,2092-11-21,2093-11-21,2094-11-22,2095-11-22,2096-11-21,2097-11-21,2098-11-22,2099-11-22,2100-11-22
大雪,1924-12-07,1925-12-07,1926-12-08,1927-12-08,1928-12-07,1929-12-07,1930-12-08,1931-12-08,1932-12-07,1933-12-07,1934-12-08,1935-12-08,1936-12-07,1937-12-07,1938-12-08,1939-12-08,1940-12-07,1941-12-07,1942-12-08,1943-12-08,1944-12-07,1945-12-07,1946-12-08,1947-12-08,1948-12-07,1949-12-07,1950-12-08,1951-12-08,1952-12-07,1953-12-07,1954-12-07,1955-12-08,1956-12-07,1957-12-07,1958-12-07,1959-12-08,1960-12-07,1961-12-07,1962-12-07,1963-12-08,1964-12-07,1965-12-07,1966-12-07,1967-12-08,1968-12-07,1969-12-07,1970-12-07,1971-12-08,1972-12-07,1973-12-07,1974-12-07,1975-12-08,1976-12-07,1977-12-07,1978-12-07,1979-12-08,1980-12-07,1981-12-07,1982-12-07,1983-12-08,1984-12-07,1985-12-07,1986-12-07,1987-12-07,1988-12-07,1989-12-07,1990-12-07,1991-12-07,1992-12-07,1993-12-07,1994-12-07,1995-12-07,1996-12-07,1997-12-07,1998-12-07,1999-12-07,2000-12-07,2001-12-07,2002-12-07,2003-12-07,2004-12-07,2005-12-07,2006-12-07,2007-12-07,2008-12-07,2009-12-07,2010-12-07,2011-12-07,2012-12-07,2013-12-07,2014-12-07,2015-12-07,2016-12-07,2017-12-07,2018-12-07,2019-12-07,2020-12-07,2021-12-07,2022-12-07,2023-12-07,2024-12-06,2025-12-07,2026-12-07,2027-12-07,2028-12-06,2029-12-07,2030-12-07,2031-12-07,2032-12-06,2033-12-07,2034-12-07,2035-12-07,2036-12-06,2037-12-07,2038-12-07,2039-12-07,2040-12-06,2041-12-07,2042-12-07,2043-12-07,2044-12-06,2045-12-07,2046-12-07,2047-12-07,2048-12-06,2049-12-07,2050-12-07,2051-12-07,2052-12-06,2053-12-07,2054-12-07,2055-12-07,2056-12-06,2057-12-06,2058-12-07,2059-12-07,2060-12-06,2061-12-06,2062-12-07,2063-12-07,2064-12-06,2065-12-06,2066-12-07,2067-12-07,2068-12-06,2069-12-06,2070-12-07,2071-12-07,2072-12-06,2073-12-06,2074-12-07,2075-12-07,2076-12-06,2077-12-06,2078-12-07,2079-12-07,2080-12-06,2081-12-06,2082-12-07,2083-12-07,2084-12-06,2085-12-06,2086-12-07,2087-12-07,2088-12-06,2089-12-06,2090-12-06,2091-12-07,2092-12-06,2093-12-06,2094-12-06,2095-12-07,2096-12-06,2097-12-06,2098-12-06,2099-12-07,2100-12-07
冬至,1924-12-22,1925-12-22,1926-12-22,1927-12-23,1928-12-22,1929-12-22,1930-12-22,1931-12-23,1932-12-22,1933-12-22,1934-12-22,1935-12-23,1936-12-22,1937-12-22,1938-12-22,1939-12-23,1940-12-22,1941-12-22,1942-12-22,1943-12-23,1944-12-22,1945-12-22,1946-12-22,1947-12-23,1948-12-22,1949-12-22,1950-12-22,1951-12-22,1952-12-22,1953-12-22,1954-12-22,1955-12-22,1956-12-22,1957-12-22,1958-12-22,1959-12-22,1960-12-22,1961-12-22,1962-12-22,1963-12-22,1964-12-22,1965-12-22,1966-12-22,1967-12-22,1968-12-22,1969-12-22,1970-12-22,1971-12-22,1972-12-22,1973-12-22,1974-12-22,1975-12-22,1976-12-22,1977-12-22,1978-12-22,1979-12-22,1980-12-22,1981-12-22,1982-12-22,1983-12-22,1984-12-22,1985-12-22,1986-12-22,1987-12-22,1988-12-21,1989-12-22,1990-12-22,1991-12-22,1992-12-21,1993-12-22,1994-12-22,1995-12-22,1996-12-21,1997-12-22,1998-12-22,1999-12-22,2000-12-21,2001-12-22,2002-12-22,2003-12-22,2004-12-21,2005-12-22,2006-12-22,2007-12-22,2008-12-21,2009-12-22,2010-12-22,2011-12-22,2012-12-21,2013-12-22,2014-12-22,2015-12-22,2016-12-21,2017-12-22,2018-12-22,2019-12-22,2020-12-21,2021-12-21,2022-12-22,2023-12-22,2024-12-21,2025-12-21,2026-12-22,2027-12-22,2028-12-21,2029-12-21,2030-12-22,2031-12-22,2032-12-21,2033-12-21,2034-12-22,2035-12-22,2036-12-21,2037-12-21,2038-12-22,2039-12-22,2040-12-21,2041-12-21,2042-12-22,2043-12-22,2044-12-21,2045-12-21,2046-12-22,2047-12-22,2048-12-21,2049-12-21,2050-12-22,2051-12-22,2052-12-21,2053-12-21,2054-12-22,2055-12-22,2056-12-21,2057-12-21,2058-12-21,2059-12-22,2060-12-21,2061-12-21,2062-12-21,2063-12-22,2064-12-21,2065-12-21,2066-12-21,2067-12-22,2068-12-21,2069-12-21,2070-12-21,2071-12-22,2072-12-21,2073-12-21,2074-12-21,2075-12-22,2076-12-21,2077-12-21,2078-12-21,2079-12-22,2080-12-21,2081-12-21,2082-12-21,2083-12-22,2084-12-21,2085-12-21,2086-12-21,2087-12-22,2088-12-21,2089-12-21,2090-12-21,2091-12-21,2092-12-21,2093-12-21,2094-12-21,2095-12-21,2096-12-21,2097-12-21,2098-12-21,2099-12-21,2100-12-22
小寒,1924-01-06,1925-01-06,1926-01-06,1927-01-06,1928-01-06,1929-01-06,1930-01-06,1931-01-06,1932-01-06,1933-01-06,1934-01-06,1935-01-06,1936-01-06,1937-01-06,1938-01-06,1939-01-06,1940-01-06,1941-01-06,1942-01-06,1943-01-06,1944-01-06,1945-01-06,1946-01-06,1947-01-06,1948-01-06,1949-01-05,1950-01-06,1951-01-06,1952-01-06,1953-01-05,1954-01-06,1955-01-06,1956-01-06,1957-01-05,1958-01-06,1959-01-06,1960-01-06,1961-01-05,1962-01-06,1963-01-06,1964-01-06,1965-01-05,1966-01-06,1967-01-06,1968-01-06,1969-01-05,1970-01-06,1971-01-06,1972-01-06,1973-01-05,1974-01-06,1975-01-06,1976-01-06,1977-01-05,1978-01-06,1979-01-06,1980-01-06,1981-01-05,1982-01-06,1983-01-06,1984-01-06,1985-01-05,1986-01-05,1987-01-06,1988-01-06,1989-01-05,1990-01-05,1991-01-06,1992-01-06,1993-01-05,1994-01-05,1995-01-06,1996-01-06,1997-01-05,1998-01-05,1999-01-06,2000-01-06,2001-01-05,2002-01-05,2003-01-06,2004-01-06,2005-01-05,2006-01-05,2007-01-06,2008-01-06,2009-01-05,2010-01-05,2011-01-06,2012-01-06,2013-01-05,2014-01-05,2015-01-06,2016-01-06,2017-01-05,2018-01-05,2019-01-05,2020-01-06,2021-01-05,2022-01-05,2023-01-05,2024-01-06,2025-01-05,2026-01-05,2027-01-05,2028-01-06,2029-01-05,2030-01-05,2031-01-05,2032-01-06,2033-01-05,2034-01-05,2035-01-05,2036-01-06,2037-01-05,2038-01-05,2039-01-05,2040-01-06,2041-01-05,2042-01-05,2043-01-05,2044-01-06,2045-01-05,2046-01-05,2047-01-05,2048-01-06,2049-01-05,2050-01-05,2051-01-05,2052-01-05,2053-01-05,2054-01-05,2055-01-05,2056-01-05,2057-01-05,2058-01-05,2059-01-05,2060-01-05,2061-01-05,2062-01-05,2063-01-05,2064-01-05,2065-01-05,2066-01-05,2067-01-05,2068-01-05,2069-01-05,2070-01-05,2071-01-05,2072-01-05,2073-01-05,2074-01-05,2075-01-05,2076-01-05,2077-01-05,2078-01-05,2079-01-05,2080-01-05,2081-01-05,2082-01-05,2083-01-05,2084-01-05,2085-01-04,2086-01-05,2087-01-05,2088-01-05,2089-01-04,2090-01-05,2091-01-05,2092-01-05,2093-01-04,2094-01-05,2095-01-05,2096-01-05,2097-01-04,2098-01-05,2099-01-05,2100-01-05
大寒,1924-01-21,1925-01-20,1926-01-21,1927-01-21,1928-01-21,1929-01-20,1930-01-21,1931-01-21,1932-01-21,1933-01-20,1934-01-21,1935-01-21,1936-01-21,1937-01-20,1938-01-21,1939-01-21,1940-01-21,1941-01-20,1942-01-21,1943-01-21,1944-01-21,1945-01-20,1946-01-20,1947-01-21,1948-01-21,1949-01-20,1950-01-20,1951-01-21,1952-01-21,1953-01-20,1954-01-20,1955-01-21,1956-01-21,1957-01-20,1958-01-20,1959-01-21,1960-01-21,1961-01-20,1962-01-20,1963-01-21,1964-01-21,1965-01-20,1966-01-20,1967-01-21,1968-01-21,1969-01-20,1970-01-20,1971-01-21,1972-01-21,1973-01-20,1974-01-20,1975-01-21,1976-01-21,1977-01-20,1978-01-20,1979-01-20,1980-01-21,1981-01-20,1982-01-20,1983-01-20,1984-01-21,1985-01-20,1986-01-20,1987-01-20,1988-01-21,1989-01-20,1990-01-20,1991-01-20,1992-01-21,1993-01-20,1994-01-20,1995-01-20,1996-01-21,1997-01-20,1998-01-20,1999-01-20,2000-01-21,2001-01-20,2002-01-20,2003-01-20,2004-01-21,2005-01-20,2006-01-20,2007-01-20,2008-01-21,2009-01-20,2010-01-20,2011-01-20,2012-01-21,2013-01-20,2014-01-20,2015-01-20,2016-01-20,2017-01-20,2018-01-20,2019-01-20,2020-01-20,2021-01-20,2022-01-20,2023-01-20,2024-01-20,2025-01-20,2026-01-20,2027-01-20,2028-01-20,2029-01-20,2030-01-20,2031-01-20,2032-01-20,2033-01-20,2034-01-20,2035-01-20,2036-01-20,2037-01-20,2038-01-20,2039-01-20,2040-01-20,2041-01-20,2042-01-20,2043-01-20,2044-01-20,2045-01-20,2046-01-20,2047-01-20,2048-01-20,2049-01-19,2050-01-20,2051-01-20,2052-01-20,2053-01-19,2054-01-20,2055-01-20,2056-01-20,2057-01-19,2058-01-20,2059-01-20,2060-01-20,2061-01-19,2062-01-20,2063-01-20,2064-01-20,2065-01-19,2066-01-20,2067-01-20,2068-01-20,2069-01-19,2070-01-20,2071-01-20,2072-01-20,2073-01-19,2074-01-20,2075-01-20,2076-01-20,2077-01-19,2078-01-20,2079-01-20,2080-01-20,2081-01-19,2082-01-20,2083-01-20,2084-01-20,2085-01-19,2086-01-19,2087-01-20,2088-01-20,2089-01-19,2090-01-19,2091-01-20,2092-01-20,2093-01-19,2094-01-19,2095-01-20,2096-01-20,2097-01-19,2098-01-19,2099-01-20,2100-01-20
